canal,beta,suma_adstock,contribucion,peso_pct
display,787.6461760599412,9551335.08850068,7523072558.724701,65.63
radio_local,257.3509723669615,13132953.339053683,3379778311.855399,29.48
video_online,24.828763446704254,22563055.932001147,560212778.3704137,4.89
email_crm,-97.40692983078664,3662848.4016116494,-356786817.2365949,0.0
prensa,-200.3642835705438,9032041.598720692,-1809698544.1070204,0.0
exterior,-234.39132307199904,17951969.48726415,-4207785879.868,0.0
social_paid,-181.8142697718178,17383208.11501667,-3160515289.7232933,0.0
paid_search,-554.5830020910184,19083732.807631444,-10583513831.559107,0.0
